"Nom du problème","Type de problème","Priorité du problème","URL","% du total","Description","Comment corriger","URL d'aide"
"Liens: Liens sortants internes sans texte d'ancrage","Opportunité","Faible","21","100,000","Pages qui ont des liens internes sans texte d'ancrage ou des images qui sont hyperliées sans texte Alt. Le texte d'ancrage est le texte et les mots visibles utilisés dans les liens hypertextes qui fournissent aux utilisateurs et aux moteurs de recherche un contexte sur le contenu de la page cible. Les liens sortants internes sans texte d'ancrage peuvent être vus dans l'onglet « Liens sortants », avec le filtre « Tous les types de liens » défini sur « Hyperlien », où la colonne « Texte d'ancrage » est vide, ou, s'il s'agit d'une image, la colonne « Alt Text » est également vide. Exportez en bloc via Exportation en bloc > Liens > Liens sortants internes sans texte d'ancrage.","Examinez les liens sortants dont le texte d'ancrage est manquant et, le cas échéant, ajoutez un texte d'ancrage utile et descriptif pour aider les utilisateurs et les moteurs de recherche.",""
"Title des pages: En dehors du <head>","Problème","Élevée","6","28,570","Pages dont l'élément <title> se situe en dehors de l'élément <head> dans le HTML. Le <title> de la page doit figurer dans l'élément <head> ; dans le cas contraire, il risque d'être ignoré par les moteurs de recherche. Google reconnaît généralement le titre de la page même s'il est situé en dehors de l'élément <head>, mais ce n'est pas systématique.","Assurez-vous que l'élément <title> se trouve dans l'élément <head> du code HTML d'une page afin que les navigateurs puissent l'utiliser en haut de la fenêtre et que les moteurs de recherche puissent l'utiliser pour le calcul du score.",""
"Title des pages: Plus de 60 caractères","Opportunité","Moyenne","2","9,520","Pages dont le titre dépasse la limite configurée. Les caractères au-delà de cette limite risquent d'être tronqués dans les résultats de recherche de Google et d'avoir moins de poids dans les résultats.","Rédigez des titres de page concis pour éviter que des mots importants ne soient tronqués dans les résultats de recherche, qu'ils ne soient pas visibles pour les utilisateurs et qu'ils aient éventuellement moins de poids dans les résultats.",""
"Title des pages: Plus de 561 pixels","Opportunité","Moyenne","2","9,520","Pages dont le titre dépasse la limite de longueur en pixels estimée par Google pour les titres dans les résultats de recherche. La longueur d'extrait de Google est en fait basée sur des limites en pixels, plutôt que sur une longueur en caractères. Le SEO Spider tente de faire correspondre les derniers points de troncature en pixels dans les SERP, mais il s'agit d'une approximation et Google les ajuste fréquemment.","Rédigez des titres de page concis pour éviter que des mots importants ne soient tronqués dans les résultats de recherche, qu'ils ne soient pas visibles pour les utilisateurs et qu'ils aient éventuellement moins de poids dans les résultats.",""
"Contenu: Pages à faible contenu","Opportunité","Moyenne","18","85,710","Pages dont le nombre de mots est inférieur à la valeur par défaut de 200 mots. Le nombre de mots est basé sur les paramètres de la zone de contenu utilisée dans l'analyse, qui peuvent être configurés dans Configuration > Contenu > Domaine. En réalité, il n'y a pas de nombre de mots minimum pour les pages, mais les moteurs de recherche ont besoin d'un texte descriptif pour comprendre l'objectif d'une page. Ce filtre ne doit être utilisé qu'à titre indicatif pour aider à identifier les pages qui pourraient être améliorées par l'ajout d'un contenu plus descriptif dans le contexte du site Web et de l'objectif de la page. Certains sites Web, tels que les sites de commerce électronique, auront naturellement un nombre de mots inférieur, ce qui peut être acceptable si les détails d'un produit peuvent être communiqués efficacement.","Pensez à inclure un contenu descriptif supplémentaire pour aider l'utilisateur et les moteurs de recherche à mieux comprendre la page.",""
"Sécurité: En-tête HSTS manquant","Avertissement","Faible","75","100,000","URL qui n'ont pas l'en-tête de réponse HSTS. L'en-tête de réponse HTTP Strict-Transport-Security (HSTS) indique aux navigateurs que l'accès au site doit se faire uniquement par HTTPS, plutôt que par HTTP. Si un site Web accepte une connexion HTTP, avant d'être redirigé vers HTTPS, les visiteurs continueront initialement à communiquer via HTTP. L'en-tête HSTS indique au navigateur de ne jamais charger en HTTP et de convertir automatiquement toutes les requêtes en HTTPS.","L'en-tête HSTS doit être utilisé sur toutes les pages pour indiquer au navigateur qu'il doit toujours demander les pages via HTTPS, plutôt que via HTTP.",""
"Directives: En dehors du <head>","Problème","Élevée","6","8,000","Pages dont la balise meta robots se situe en dehors de l'élément <head> dans le code HTML. La balise meta robots doit figurer dans l'élément <head> ; dans le cas contraire, elle risque d'être ignorée par les moteurs de recherche. Google reconnaît généralement les balises meta robots (telles que la directive ""noindex"") même lorsqu'elles sont situées en dehors de l'élément <head>, mais ce n'est pas systématique.","Afin que les moteurs de recherche respectent les directives spécifiées, assurez-vous de placer les balises meta robots dans l'élément <head> du code HTML d'une page.",""
"Sécurité: En-tête Secure Referrer-Policy manquant","Avertissement","Faible","75","100,000","URL qui n'ont pas les politiques « no-referrer-when-downgrade », « strict-origin-when-cross-origin », « no-referrer » ou « strict-origin » dans l'en-tête Referrer-Policy. Lorsque vous utilisez le protocole HTTPS, il est important que les URL ne fuient pas dans les requêtes non HTTPS. Cela peut exposer les utilisateurs à des attaques de type « man in the middle », car n'importe qui sur le réseau peut les voir.","Envisagez de définir une politique de référent de type « strict-origin-when-cross-origin ». Cela permet de conserver une grande partie de l'utilité du référent, tout en atténuant le risque de fuite de données entre les origines.",""
"Sécurité: En-tête X-Frame-Options manquant","Avertissement","Faible","75","100,000","URL qui n'ont pas l'en-tête de réponse X-Frame-Options avec une valeur « DENY » ou « SAMEORIGIN ». Cela indique au navigateur de ne pas rendre une page dans un cadre, une iframe, une incorporation ou un objet. Cela permet d'éviter les attaques de type « détournement de clic », où votre contenu est affiché sur une autre page Web contrôlée par un attaquant.","Pour minimiser les problèmes de sécurité, l'en-tête de réponse X-Frame-Options doit être fourni avec une valeur « DENY » ou « SAMEORIGIN ».",""
"H2: Manquant","Avertissement","Faible","13","61,900","Pages dont le <h2> est manquant, dont le contenu est vide ou qui ont un espace blanc. Les sous-titres <h2> sont souvent utilisés pour décrire des sections ou des sujets dans un document. Ils servent de repères pour l'utilisateur et peuvent aider les moteurs de recherche à comprendre la page.","Envisagez d'utiliser des <h2> logiques et descriptifs sur les pages importantes, qui aident l'utilisateur et les moteurs de recherche à mieux comprendre la page.",""
"Meta description: En dehors du <head>","Problème","Moyenne","6","28,570","Pages dont la meta description est située en dehors de l'élément <head> dans le code HTML. La meta description doit figurer dans l'élément <head> ; dans le cas contraire, elle risque d'être ignorée par les moteurs de recherche.","Assurez-vous que les meta descriptions se trouvent dans l'élément <head> du HTML d'une page afin que les moteurs de recherche puisse les utiliser comme extraits sur la page des résultats.",""
"Sécurité: En-tête Content-Security-Policy manquant","Avertissement","Faible","48","64,000","URL qui n'ont pas l'en-tête de réponse Content-Security-Policy. Cet en-tête permet à un site Web de contrôler quelles ressources sont chargées pour une page. Cette politique peut aider à se protéger contre les attaques de type script intersites (XSS) qui exploitent la confiance du navigateur dans le contenu reçu du serveur. Le SEO Spider ne vérifie que l'existence de l'en-tête et n'interroge pas les politiques qu'il contient pour déterminer si elles sont bien configurées pour le site Web. Cette opération doit être effectuée manuellement.","Définissez un en-tête de réponse Content-Security-Policy strict pour toutes les pages afin d'atténuer les attaques par script intersites (XSS) et par injection de données.",""
"Sécurité: En-tête X-Content-Type-Options manquant","Avertissement","Faible","75","100,000","URL qui n'ont pas l'en-tête de réponse « X-Content-Type-Options » avec une valeur « nosniff ». En l'absence d'un type MIME, les navigateurs peuvent « renifler » pour deviner le type de contenu et l'interpréter correctement pour les utilisateurs. Cependant, cela peut être exploité par des attaquants qui peuvent essayer de charger du code malveillant, tel que JavaScript, par une image qu'ils ont compromise.","Pour minimiser les problèmes de sécurité, l'en-tête de réponse X-Content-Type-Options doit être fourni et avec la valeur « nosniff » définie. Cela indique aux navigateurs de se fier uniquement à l'en-tête Content-Type et de bloquer tout ce qui ne correspond pas exactement. Cela signifie également que le type de contenu définii doit être précis.",""
"H2: Multiple","Avertissement","Faible","4","19,050","Pages comportant plusieurs <h2>. Ce n'est pas un problème, car les normes HTML autorisent plusieurs <h2> lorsqu'ils sont utilisés dans une structure de sous-titres hiérarchique logique. Cependant, ce filtre peut vous aider à effectuer un examen rapide pour vérifier s'ils sont utilisés de manière appropriée.","Veillez à ce que les <h2> soient utilisés dans une structure de sous-titres hiérarchique logique et mettez-les à jour, le cas échéant, en utilisant toute la gamme de sous-titres entre h3 et h6 pour les sous-titres supplémentaires.",""
"Meta description: Plus de 155 caractères","Opportunité","Faible","1","4,760","Pages dont les méta-descriptions dépassent la limite configurée. Les caractères au-delà de cette limite risquent d'être tronqués dans les résultats de recherche de Google.","Rédigez des méta-descriptions concises afin que les mots importants ne soient pas tronqués dans les résultats de recherche et ne soient pas visibles pour les utilisateurs.",""
"Meta description: Moins de 400 pixels","Opportunité","Faible","2","9,520","Pages dont la méta-description est beaucoup plus courte que la limite de longueur en pixels estimée par Google. Ce n'est pas nécessairement un problème, mais cela indique qu'il y a peut-être de la place pour communiquer des avantages, des arguments clés ou des appels à l'action.","Envisagez de mettre à jour la méta-description afin de profiter de l'espace restant pour inclure des avantages, des arguments clés ou des appels à l'action supplémentaires pour améliorer les taux de clics (CTR).",""
"URL: Traits de soulignement","Opportunité","Faible","6","8,000","URL comportant des caractères de soulignement, qui ne sont pas toujours considérés comme des séparateurs de mots par les moteurs de recherche.","Idéalement, des traits d'union devraient être utilisés comme séparateurs de mots, plutôt que des traits de soulignement. Cependant, modifier une URL est une décision importante et, souvent, cela ne vaut pas la peine de le faire uniquement pour des raisons de référencement. Si des URL sont modifiées, des redirections 301 appropriées doivent être mises en œuvre.",""
"Images: Attributs de taille manquants","Opportunité","Faible","27","100,000","Éléments d'image dont les dimensions (attributs width et height) ne sont pas spécifiées dans le code HTML. Cela peut entraîner d'importants changements de mise en page lors du chargement du contenu, ce qui peut s'avérer frustrant pour les utilisateurs. C'est l'une des principales causes d'un score CLS (Cumulative Layout Shift) élevé.","Définissez la taille de toutes les images au format natif à l'aide des attributs width et height dans le code HTML. Le navigateur pourra ainsi calculer l'espace nécessaire pour chaque image avant son chargement, évitant ainsi des modifications importantes de la mise en page.",""
"Meta description: Plus de 985 pixels","Opportunité","Faible","1","4,760","Pages dont la méta-description dépasse la limite de longueur en pixels estimée par Google pour les extraits. La longueur d'extrait de Google est en fait basée sur des limites en pixels, plutôt que sur une longueur en caractères. Le SEO Spider tente de faire correspondre les derniers points de troncature en pixels dans les SERP, mais il s'agit d'une approximation et Google les ajuste fréquemment.","Rédigez des méta-descriptions concises afin que des mots importants ne soient pas tronqués dans les résultats de recherche et ne soient pas visibles pour les utilisateurs.",""
"Versions canoniques: Manquant","Avertissement","Moyenne","21","100,000","Les pages qui ne disposent d'aucune URL canonique présente, soit sous forme d'élément de lien, soit via l'en-tête HTTP. Si une page n'indique pas d'URL canonique, Google identifiera ce qu'il pense être la meilleure version ou URL. Cela peut entraîner une imprévisibilité du classement lorsque plusieurs versions sont découvertes, et c'est pourquoi toutes les URL devraient généralement indiquer une version canonique.","Indiquez une URL canonique pour chaque page afin d'éviter toute imprévisibilité potentielle du classement si plusieurs versions de la même page sont découvertes sur des URL différentes.",""
"Title des pages: Moins de 30 caractères","Opportunité","Moyenne","4","19,050","Pages dont le titre est inférieur à la limite configurée. Ce n'est pas nécessairement un problème, mais cela indique qu'il y a peut-être de la place pour cibler des mots-clés supplémentaires ou pour communiquer vos arguments clés.","Envisagez de mettre à jour le titre de la page afin de profiter de l'espace restant pour inclure d'autres mots-clés cibles ou arguments clés.",""
"Meta description: Moins de 70 caractères","Opportunité","Faible","2","9,520","Pages dont les méta-descriptions sont en dessous à la limite configurée. Il ne s'agit pas d'un problème à proprement parler, mais d'une opportunité. Il reste de la place pour des avantages, des arguments clés ou des appels à l'action.","Envisagez de mettre à jour la méta-description afin de profiter de l'espace restant pour inclure des avantages, des arguments clés ou des appels à l'action supplémentaires pour améliorer les taux de clics (CTR).",""
